{
    "A1": {
        "x": 973.7164795673077,
        "y": 534.1423648348722,
        "width": 367.15243021334135,
        "height": 455.78592140891334,
        "confidence": 0.9728209972381592,
        "class": "bedroom",
        "x1": 790.140264460637,
        "y1": 306.2494041304155,
        "x2": 1157.2926946739783,
        "y2": 306.2494041304155,
        "x3": 1157.2926946739783,
        "y3": 762.0353255393288,
        "x4": 790.140264460637,
        "y4": 762.0353255393288
    },
    "A2": {
        "x": 1247.255046048678,
        "y": 1231.227341974432,
        "width": 332.6698408954327,
        "height": 333.33846946022726,
        "confidence": 0.9722742438316345,
        "class": "kitchen",
        "x1": 1080.9201256009615,
        "y1": 1064.5581072443183,
        "x2": 1413.5899664963943,
        "y2": 1064.5581072443183,
        "x3": 1413.5899664963943,
        "y3": 1397.8965767045454,
        "x4": 1080.9201256009615,
        "y4": 1397.8965767045454
    },
    "A3": {
        "x": 430.52011151592546,
        "y": 960.0444020774148,
        "width": 457.68847107872597,
        "height": 370.3398473011364,
        "confidence": 0.9697744250297546,
        "class": "bedroom",
        "x1": 201.6758759765625,
        "y1": 774.8744784268466,
        "x2": 659.3643470552885,
        "y2": 774.8744784268466,
        "x3": 659.3643470552885,
        "y3": 1145.214325727983,
        "x4": 201.6758759765625,
        "y4": 1145.214325727983
    },
    "A4": {
        "x": 580.3023965219351,
        "y": 534.3547408780184,
        "width": 366.1428603515625,
        "height": 455.40636740944603,
        "confidence": 0.969299852848053,
        "class": "bedroom",
        "x1": 397.2309663461538,
        "y1": 306.6515571732955,
        "x2": 763.3738266977164,
        "y2": 306.6515571732955,
        "x3": 763.3738266977164,
        "y3": 762.0579245827415,
        "x4": 397.2309663461538,
        "y4": 762.0579245827415
    },
    "A5": {
        "x": 1787.6104426081731,
        "y": 509.1679061612216,
        "width": 597.827809795673,
        "height": 197.78171198064632,
        "confidence": 0.9554231762886047,
        "class": "balcony",
        "x1": 1488.6965377103365,
        "y1": 410.27705017089846,
        "x2": 2086.5243475060097,
        "y2": 410.27705017089846,
        "x3": 2086.5243475060097,
        "y3": 608.0587621515448,
        "x4": 1488.6965377103365,
        "y4": 608.0587621515448
    },
    "A6": {
        "x": 1203.3992900390624,
        "y": 914.6519930752842,
        "width": 371.9206257512019,
        "height": 280.65339777166196,
        "confidence": 0.9523860812187195,
        "class": "living_room",
        "x1": 1017.4389771634616,
        "y1": 774.3252941894532,
        "x2": 1389.3596029146634,
        "y2": 774.3252941894532,
        "x3": 1389.3596029146634,
        "y3": 1054.9786919611151,
        "x4": 1017.4389771634616,
        "y4": 1054.9786919611151
    },
    "A7": {
        "x": 2020.698984375,
        "y": 1177.099736772017,
        "width": 125.58008428485577,
        "height": 217.17803333629263,
        "confidence": 0.9521627426147461,
        "class": "toilet",
        "x1": 1957.9089422325721,
        "y1": 1068.5107201038709,
        "x2": 2083.489026517428,
        "y2": 1068.5107201038709,
        "x3": 2083.489026517428,
        "y3": 1285.6887534401633,
        "x4": 1957.9089422325721,
        "y4": 1285.6887534401633
    },
    "A8": {
        "x": 1506.1065090144232,
        "y": 1269.5248774857955,
        "width": 161.01076600060097,
        "height": 258.17561545632105,
        "confidence": 0.9506641030311584,
        "class": "utility_room",
        "x1": 1425.6011260141227,
        "y1": 1140.437069757635,
        "x2": 1586.6118920147235,
        "y2": 1140.437069757635,
        "x3": 1586.6118920147235,
        "y3": 1398.612685213956,
        "x4": 1425.6011260141227,
        "y4": 1398.612685213956
    },
    "A9": {
        "x": 951.7661056189904,
        "y": 1285.0238045987217,
        "width": 223.2889824969952,
        "height": 228.6490456321023,
        "confidence": 0.9504641890525818,
        "class": "washroom",
        "x1": 840.1216143704928,
        "y1": 1170.6992817826706,
        "x2": 1063.410596867488,
        "y2": 1170.6992817826706,
        "x3": 1063.410596867488,
        "y3": 1399.3483274147727,
        "x4": 840.1216143704928,
        "y4": 1399.3483274147727
    },
    "A10": {
        "x": 290.74581670673075,
        "y": 457.5713515403054,
        "width": 186.06216712364784,
        "height": 240.67621848366477,
        "confidence": 0.9477804899215698,
        "class": "toilet",
        "x1": 197.71473314490686,
        "y1": 337.23324229847304,
        "x2": 383.7769002685547,
        "y2": 337.23324229847304,
        "x3": 383.7769002685547,
        "y3": 577.9094607821378,
        "x4": 197.71473314490686,
        "y4": 577.9094607821378
    },
    "A11": {
        "x": 1879.3540519831731,
        "y": 836.5689790482954,
        "width": 406.4381610576923,
        "height": 428.4916043368253,
        "confidence": 0.9457092881202698,
        "class": "living_room",
        "x1": 1676.134971454327,
        "y1": 622.3231768798828,
        "x2": 2082.573132512019,
        "y2": 622.3231768798828,
        "x3": 2082.573132512019,
        "y3": 1050.814781216708,
        "x4": 1676.134971454327,
        "y4": 1050.814781216708
    },
    "A12": {
        "x": 926.6349598106971,
        "y": 975.1168858753551,
        "width": 155.37810802283653,
        "height": 151.88349875710227,
        "confidence": 0.9423063397407532,
        "class": "toilet",
        "x1": 848.9459057992789,
        "y1": 899.175136496804,
        "x2": 1004.3240138221154,
        "y2": 899.175136496804,
        "x3": 1004.3240138221154,
        "y3": 1051.0586352539062,
        "x4": 848.9459057992789,
        "y4": 1051.0586352539062
    },
    "A13": {
        "x": 289.95498125751203,
        "y": 675.2236899636009,
        "width": 184.66364068134015,
        "height": 173.69552889737216,
        "confidence": 0.9419162273406982,
        "class": "walk_in_closet",
        "x1": 197.62316091684195,
        "y1": 588.3759255149148,
        "x2": 382.2868015981821,
        "y2": 588.3759255149148,
        "x3": 382.2868015981821,
        "y3": 762.0714544122869,
        "x4": 197.62316091684195,
        "y4": 762.0714544122869
    },
    "A14": {
        "x": 843.1020263671875,
        "y": 828.4805087002841,
        "width": 342.52104638671875,
        "height": 107.70564564098012,
        "confidence": 0.9410160779953003,
        "class": "hallway",
        "x1": 671.8415031738281,
        "y1": 774.6276858797941,
        "x2": 1014.3625495605469,
        "y2": 774.6276858797941,
        "x3": 1014.3625495605469,
        "y3": 882.3333315207742,
        "x4": 671.8415031738281,
        "y4": 882.3333315207742
    },
    "A15": {
        "x": 1501.8199155649038,
        "y": 1086.0287628728693,
        "width": 153.1473175330529,
        "height": 78.70479425603693,
        "confidence": 0.9407613277435303,
        "class": "pooja_room",
        "x1": 1425.2462567983773,
        "y1": 1046.676365744851,
        "x2": 1578.3935743314303,
        "y2": 1046.676365744851,
        "x3": 1578.3935743314303,
        "y3": 1125.3811600008878,
        "x4": 1425.2462567983773,
        "y4": 1125.3811600008878
    },
    "A16": {
        "x": 954.2030516826923,
        "y": 1106.9560267223012,
        "width": 201.5912156700721,
        "height": 71.1673262162642,
        "confidence": 0.9390047192573547,
        "class": "opentosky",
        "x1": 853.4074438476563,
        "y1": 1071.372363614169,
        "x2": 1054.9986595177284,
        "y2": 1071.372363614169,
        "x3": 1054.9986595177284,
        "y3": 1142.5396898304332,
        "x4": 853.4074438476563,
        "y4": 1142.5396898304332
    },
    "A17": {
        "x": 751.7282262620192,