{"scale_x": 3.8501052631578947, "scale_y": 3.9076923076923076}